fathomable^unfathomable,fathomable
sidonia^vidonia,sidonia^vidonia
cooperider^cooperrider,cooperider^cooperrider
anesthesiologist^geologist^ideologist,geologist
addidases^addidas's^adidas's,addidases^addidas's^adidas's
acidification^amplification^certification^cladification^clarification^classification^codification^decertification^deification^disqualification^diversification(0)^diversification(1)^edification^falsification^fortification^gasification^gratification^identification(0)^identification(1)^intensification^justification^magnification^modification^notification^nullification^ossification^pacification^personification^purification^qualification^ramification^ratification^recertification^reclassification^rectification^reunification^russification(0)^russification(1)^sanctification^saponification^suffocation^unification^verification^vilification,suffocation
matriarchy^patriarchy,matriarchy^patriarchy
ambrosine^ambrosini,ambrosine^ambrosini
economist's^economists^economists^economist's^economist's^economists^economist's,economist's^economists^economists^economist's^economist's^economists^economist's
disposition^predisposition,disposition
cogenerators^generator's^generators,generator's^generators
biology^electrobiology^microbiology(0)^microbiology(1),biology
consequential^inconsequential,consequential
caterpillars^caterpiller's(0),caterpillars^caterpiller's(0)
dominated^nominated,dominated^nominated
jan.(1)^january,jan.(1)^january
arabian^mehrabian(1),arabian^mehrabian(1)
development's^developments,development's^developments
recoveries^recovery's(0),recoveries^recovery's(0)
nontransferable^transferable^transferrable,transferable^transferrable
graciano^terracciano,graciano
degeneration^generation^veneration,generation^veneration
macnamara^mcnamara,macnamara^mcnamara
edinboro^edinburgh,edinboro^edinburgh
allocating^misallocating^reallocating,allocating
camarata^cammarata,camarata^cammarata
depasquale^dipasquale(0),depasquale^dipasquale(0)
forgettable(1)^unforgettable,forgettable(1)
fertility(1)^infertility,fertility(1)
arabella^marabella,arabella^marabella
atterberry^atterbury,atterberry^atterbury
iberia's^liberia's,iberia's^liberia's
conservatives^conservatives'^neoconservatives,conservatives^conservatives'
contaminated(0)^laminated^uncontaminated,laminated
dietitian's^dietitians,dietitian's^dietitians
baldassare^baldassari,baldassare^baldassari
constellation's^constellations,constellation's^constellations
al.(1)^alabama,al.(1)^alabama
criticizing^politicizing,criticizing
britannia^brittania(0),britannia^brittania(0)
identify(0)^misidentify(0),identify(0)
utilities^utilities'^utility's,utilities^utilities'^utility's
electricians^electricians',electricians^electricians'
idealistic^imperialistic^materialistic^realistic^surrealistic(1),realistic
christoffersen(1)^christofferson^christopherson,christoffersen(1)^christofferson^christopherson
benefiting^benefitting,benefiting^benefitting
virologists^virologists^virologists,virologists^virologists^virologists
guiliano^siciliano,guiliano
counterrevolution(0)^counterrevolution(1)^devolution^evolution(0)^revolution,devolution^evolution(0)^revolution
legendary^semilegendary(0)^semilegendary(1),legendary
measurable^pleasurable,measurable^pleasurable
bisexuality^duality^sexuality,duality
centrality^instrumentality^mentality(1)^sentimentality(0)^sentimentality(1),centrality^mentality(1)
entertainer's^entertainers^entertainer's^entertainers,entertainer's^entertainers^entertainer's^entertainers
grammatical(1)^mathematical^problematical,grammatical(1)
acknowledgement(1)^acknowledgment(1),acknowledgement(1)^acknowledgment(1)
interrupted(1)^uninterrupted^uninterrupted,interrupted(1)
dietary^proprietary,dietary
capitalized^recapitalized^uncapitalized,capitalized
comedian's^comedians,comedian's^comedians
diplomatic^undiplomatic,diplomatic
unrepentant^unrepentant,unrepentant^unrepentant
bibliography^choreography^geography^hagiography^historiography^phytogeography^radiography,geography
defazio(1)^difazio,defazio(1)^difazio
bonadio^donadio,bonadio^donadio
galeria^galleria,galeria^galleria
microorganisms^organism's^organisms,organism's^organisms
mcgarity^mcgarrity,mcgarity^mcgarrity
allocation^misallocation^reallocation,allocation
mariani(0)^notarianni,mariani(0)
corp^corp.^corp^corp.,corp^corp.^corp^corp.
banalities^nationalities^personalities,banalities
cooperation(0)^cooperation(1)^operation,cooperation(1)^operation
annapolis^indianapolis,annapolis
calif(0)^california,calif(0)^california
isomedix^isomedix's(1),isomedix^isomedix's(1)
fertilizing^self-fertilizing,fertilizing
audience's^audiences^audience's^audiences,audience's^audiences^audience's^audiences
eliason^eliassen,eliason^eliassen
aphrodite's^aphrodites,aphrodite's^aphrodites
diorio^iorio,diorio^iorio
masterbating^masturbating,masterbating^masturbating
definable^indefinable,definable
dualism^individualism^intellectualism(0)^intellectualism(1),dualism
aliberti^laliberte,aliberti^laliberte
co-operative(0)^inoperative^operative^uncooperative,operative
conglomerate's^conglomerates,conglomerate's^conglomerates
bracamonte's^bracamontes,bracamonte's^bracamontes
enunciate(0)^renunciate,enunciate(0)^renunciate
eligible(1)^ineligible,eligible(1)
mehitabel(0)^mehitabelle,mehitabel(0)^mehitabelle
mercedeses(0)^mercedes's(1),mercedeses(0)^mercedes's(1)
unlimited^unlimited,unlimited^unlimited
newtonian^plutonian,newtonian^plutonian
abomination^domination^nomination^renomination,domination^nomination
depravation^deprivation,depravation^deprivation
alleghenies(0)^allegheny's(0),alleghenies(0)^allegheny's(0)
alicea^alysia,alicea^alysia
brutalizes^utilizes,brutalizes^utilizes
gabrielsen(1)^gabrielson(1),gabrielsen(1)^gabrielson(1)
anonymous^synonymous,anonymous^synonymous
nakayama^takayama,nakayama^takayama
bangladeshi's^bangladeshis,bangladeshi's^bangladeshis
equitable(0)^inequitable,equitable(0)
assurances(0)^reassurances(1),assurances(0)
introduction(0)^reintroduction,introduction(0)
negotiate(1)^renegotiate,negotiate(1)
advisable^inadvisable(0),advisable
compromising^uncompromising,compromising
accredited^unaccredited,accredited
inventories^inventory's,inventories^inventory's
aesthetically^esthetically,aesthetically^esthetically
aggrandizement(0)^self-aggrandizement,aggrandizement(0)
prosecution's^prosecutions,prosecution's^prosecutions
conditional^unconditional,conditional
maneuvering^outmaneuvering,maneuvering
deregulation^overregulation^regulation^reregulation,regulation
denationalize^internationalize(0)^internationalize(1)^nationalize(0)^rationalize^renationalize,nationalize(0)^rationalize
demarino^dimarino,demarino^dimarino
intentional^unintentional,intentional
subcommander's^subcommanders,subcommander's^subcommanders
mauriello^tortoriello,mauriello
energizing^self-energizing,energizing
zapatista's^zapatistas,zapatista's^zapatistas
collectively^selectively,collectively^selectively
barbecueing^barbequeing,barbecueing^barbequeing
delegating^relegating,delegating^relegating
institution's^institutions^institutions',institution's^institutions^institutions'
decorated(1)^redecorated,decorated(1)
fatality(0)^hospitality,fatality(0)
america(1)^amerika^asiamerica^bankamerica^coastamerica^comerica^d'america^gardenamerica^healthamerica^marketamerica^midamerica^realamerica^superamerica^transamerica^westamerica,america(1)^amerika^comerica^d'america
montrealer's^montrealers,montrealer's^montrealers
prosecutor's^prosecutors,prosecutor's^prosecutors
houstonian(0)^houstonian(1),houstonian(0)^houstonian(1)
prohibition's^prohibitions,prohibition's^prohibitions
samudio^zamudio,samudio^zamudio
cooperations(0)^cooperations(1)^operation's^operations^operations',cooperations(1)^operation's^operations^operations'
accouterment^accoutrement,accouterment^accoutrement
calculating^recalculating,calculating
angelica(0)^angelika,angelica(0)^angelika
heretical^theoretical,heretical
aleksander(1)^aleksandr(1),aleksander(1)^aleksandr(1)
manzione^stanzione,manzione^stanzione
marketplace's^marketplaces,marketplace's^marketplaces
continental's^continentals(0),continental's^continentals(0)
alessandro(0)^d'alessandro(0),alessandro(0)^d'alessandro(0)
collateral^unilateral,collateral
archaeologists(1)^cardiologists(1)^epidemiologists(1)^geologists(1)^ideologists(1)^radiologists(1)^sociologists(1),geologists(1)
proficiency^self-sufficiency^sufficiency,proficiency^sufficiency
militaries^paramilitaries,militaries
devincenzo^divincenzo,devincenzo^divincenzo
satisfying^unsatisfying,satisfying
sabatista's^sabatistas^sabatistas',sabatista's^sabatistas^sabatistas'
experience^inexperience,experience
demetrius^dimitrius^dimitrius',demetrius^dimitrius^dimitrius'
opposition^proposition,opposition^proposition
television's^televisions,television's^televisions
burgomaster's^burgomasters,burgomaster's^burgomasters
paralyzes^sterilizes,paralyzes^sterilizes
executive^nonexecutive,executive
fashionable(0)^unfashionable,fashionable(0)
tsukamoto(0)^tsukamoto(1),tsukamoto(0)^tsukamoto(1)
fidelities^fidelity's,fidelities^fidelity's
distributing^redistributing(0),distributing
geremia^uremia,geremia^uremia
aloisio^daloisio,aloisio^daloisio
gloriously^laboriously^notoriously,gloriously
distributive^redistributive(0),distributive
kilometers(1)^millimeters,kilometers(1)^millimeters
zairian's^zairians,zairian's^zairians
etherington^heatherington^hetherington^weatherington^wetherington,etherington^heatherington^hetherington^weatherington^wetherington
developer's^developers^developers',developer's^developers^developers'
organizing^reorganizing,organizing
micheletti^nicoletti(1),micheletti^nicoletti(1)
reasonably^unreasonably^unseasonably,reasonably
heterodyne^superheterodyne,heterodyne
srinivasan(0)^srinivasan(1),srinivasan(0)^srinivasan(1)
democracies^democracy's,democracies^democracy's
accountable(0)^unaccountable,accountable(0)
deprecating^self-deprecating,deprecating
productively(0)^seductively,productively(0)^seductively
discovering^rediscovering,discovering
amphetamine^methamphetamine(0),amphetamine
military(0)^nonmilitary^paramilitary,military(0)
confirmation^reconfirmation,confirmation
rigorously^vigorously,rigorously^vigorously
decesare^dicesare,decesare^dicesare
collectible^uncollectable,collectible
kuramoto^muramoto,kuramoto^muramoto
powerpcs^powerpcs',powerpcs^powerpcs'
economists'^economists',economists'^economists'
debilitate^rehabilitate(0)^rehabilitate(1),debilitate
buthelezi^butulesi,buthelezi^butulesi
iranians^iranians,iranians^iranians
mcanally^mcanelly^mcannally,mcanally^mcanelly^mcannally
associate(1)^disassociate(1),associate(1)
atamian^mesopotamian,atamian
canadian^pancanadian,canadian
violinists^violinists^violinists,violinists^violinists^violinists
kallenberger^shallenberger,kallenberger^shallenberger
saturated(1)^unsaturated,saturated(1)
mississippi's^mississippis,mississippi's^mississippis
establishment's^establishments^establishment's^establishments,establishment's^establishments^establishment's^establishments
distribution^redistribution,distribution
deferential(1)^preferential(1),deferential(1)^preferential(1)
mathiasen^mathiason,mathiasen^mathiason
occupation^preoccupation,occupation
emphasizes(1)^overemphasizes,emphasizes(1)
orangutan's^orangutans^orangutan's^orangutans,orangutan's^orangutans^orangutan's^orangutans
dukakis'(1)^dukakises^dukakis's,dukakis'(1)^dukakises^dukakis's
automaker's^automakers^automakers',automaker's^automakers^automakers'
imitable^inimitable,imitable
unreadable^unreadable,unreadable^unreadable
juarez-espin(0)^juarez-espin(1),juarez-espin(0)^juarez-espin(1)
secretaries^secretary's,secretaries^secretary's
informative^uninformative,informative
alioto^galioto,alioto^galioto
brandenberger^brandenburger^landenberger,brandenberger^brandenburger^landenberger
archaeologists(0)^cardiologists(0)^epidemiologists(0)^geologists(0)^ideologists(0)^microbiologists(0)^radiologists(0)^sociologists(0),geologists(0)
adequately(0)^inadequately,adequately(0)
mcmonagle^mcmonigle,mcmonagle^mcmonigle
anesthesiology^archaeology^archeology^astrogeology^bacteriology^cardiology^embryology^epidemiology^etiology(0)^etiology(1)^genealogy^geology^ideology^kinesiology^physiology^radiology^sociology^theology,geology^theology
academies^academy's,academies^academy's
destefano^distefano,destefano^distefano
sarajevan's^sarajevans,sarajevan's^sarajevans
allowable^unallowable,allowable
european^indo-european,european
parasympathetic^sympathetic^unsympathetic,sympathetic
entertainment's^entertainments^entertainment's^entertainments,entertainment's^entertainments^entertainment's^entertainments
congregation's^congregations,congregation's^congregations
positioning^repositioning,positioning
amelio^damelio^emilio,amelio^damelio^emilio
comparable(0)^incomparable,comparable(0)
paganism^reaganism(0),paganism^reaganism(0)
aviacion^aviation^d'aviation,aviacion^aviation^d'aviation
appropriate(1)^misappropriate,appropriate(1)
buthelezi's^butulesi's,buthelezi's^butulesi's
environment's^environments,environment's^environments
clarifying^terrifying^verifying,clarifying^terrifying^verifying
commissioner's^commissioners,commissioner's^commissioners
hosakawa^hosokawa,hosakawa^hosokawa
benedetto^dibenedetto,benedetto
o'callaghan^ocallaghan,o'callaghan^ocallaghan
filibusters^fillibusters,filibusters^fillibusters
alessio^dalessio,alessio^dalessio
articulates^particulates,articulates^particulates
hamamoto^yamamoto,hamamoto^yamamoto
alliances^alliance's^alliances,alliances^alliance's^alliances
melatonin's^melatonins,melatonin's^melatonins
solicited^unsolicited,solicited
o'mahoney^omahoney^o'mahony^omahony,o'mahoney^omahoney^o'mahony^omahony
ostermeier^ostermeyer,ostermeier^ostermeyer
annotation^sanitation(0),annotation^sanitation(0)
americans^american's^americans'^americans^transamerican's,americans^american's^americans'^americans
dehydration^rehydration,dehydration^rehydration
dissemination^emanation^insemination,emanation
finocchio^ginocchio,finocchio^ginocchio
determination^extermination^germination^self-determination^termination,germination^termination
associates(0)^associates'(1),associates(0)^associates'(1)
curricular^extracurricular,curricular
illyrian^thraco-illyrian,illyrian
authorities'^authority's,authorities'^authority's
eisenberger^weisenberger^weisenberger,eisenberger^weisenberger^weisenberger
insensitivity^nativity^negativity^relativity,nativity
chattanooga^chattanuga,chattanooga^chattanuga
europeans^europeans',europeans^europeans'
capuano^rapuano,capuano^rapuano
indication^vindication,indication^vindication
angeleno(1)^angelino(0),angeleno(1)^angelino(0)
paladino^palladino^saladino,paladino^palladino^saladino
manufacture^remanufacture(1),manufacture
economics(0)^macroeconomics(0)^microeconomics,economics(0)
identify(1)^misidentify(1),identify(1)
adelphia's^philadelphia's,adelphia's
infantryman^infantrymen,infantryman^infantrymen
eligible(0)^intelligible^unintelligible,eligible(0)
caterpillar(0)^caterpiller(0),caterpillar(0)^caterpiller(0)
deregulated^nonregulated^overregulated^regulated(1)^unregulated,regulated(1)
mcclafferty^mcclaugherty^mclafferty,mcclafferty^mcclaugherty^mclafferty
identified(0)^unidentified,identified(0)
accuracy^inaccuracy,accuracy
chavarria^echavarria,chavarria
maradona^maradonna,maradona^maradonna
apportionment^reapportionment,apportionment
federico^frederico,federico^frederico
economic(1)^macroeconomic(1),economic(1)
preservation^reservation,preservation^reservation
vehemently^vehemently,vehemently^vehemently
vicencio^villavicencio,vicencio
constituents^constituents',constituents^constituents'
gagliano(0)^magliano^stagliano^vitagliano,gagliano(0)^magliano^stagliano
defilippo^difilippo,defilippo^difilippo
ferocity^generosity,ferocity
opposition's^oppositions^propositions,opposition's^oppositions^propositions
infiniti^infinity(1),infiniti^infinity(1)
nonprofessionals^professionals^professionals',professionals^professionals'
o'flaherty^oflaherty^o'flaherty^oflaherty,o'flaherty^oflaherty^o'flaherty^oflaherty
examiners^examiners',examiners^examiners'
mcelhiney^mcelhinney^mcelhinny,mcelhiney^mcelhinney^mcelhinny
describable^indescribable,describable
controversial^noncontroversial^uncontroversial,controversial
nationalist(0)^ultranationalist,nationalist(0)
industrial's^industrials^industrials',industrial's^industrials^industrials'
haliburton^halliburton,haliburton^halliburton
interplanetary^planetary^unsanitary,planetary
vasectomies^vasectomies,vasectomies^vasectomies
suprisingly(1)^surprisingly(0)^unsurprisingly,suprisingly(1)^surprisingly(0)
mcconaughey^mcconnaughey,mcconaughey^mcconnaughey
centenarian^planarian^seminarian^septuagenarian^veterinarian^veterinarian,planarian
acknowledgement(0)^acknowledgment(0),acknowledgement(0)^acknowledgment(0)
tuminello^tumminello,tuminello^tumminello
conditioning^reconditioning(0),conditioning
appalachian(1)^appellation^extrapolation,appalachian(1)^appellation
minutia^minutiae,minutia^minutiae
aliano^galiano^galliano^italiano,aliano^galiano^galliano
initialing^initialling,initialing^initialling
giovanni's(0)^g'vanni's,giovanni's(0)^g'vanni's
mammography^pomography,mammography^pomography
photographer's^photographers,photographer's^photographers
explainable^unexplainable,explainable
architecture's^architectures,architecture's^architectures
recipient's^recipients^recipients',recipient's^recipients^recipients'
favorable(0)^unfavorable,favorable(0)
delahanty^delahunty,delahanty^delahunty
liturgical^nonliturgical,liturgical
copyrighted^copywrited,copyrighted^copywrited
collosio's^colosio's,collosio's^colosio's
innuendoes^innuendos,innuendoes^innuendos
humanities(0)^humanities(1)^humanity's(0)^humanity's(1),humanities(0)^humanities(1)^humanity's(0)^humanity's(1)
journalistic^paternalistic,journalistic
nitrosamines^nitrosomines,nitrosamines^nitrosomines
ethology^ornithology,ethology
electrical^nonelectrical,electrical
disinformation^information(0)^misinformation,information(0)
biviano^viviano,biviano^viviano
ambrosio^dambrosio,ambrosio^dambrosio
situation's^situations,situation's^situations
dormitories^reformatories,dormitories
cohabitation^habitation^inhabitation,habitation
tomasetti^tomassetti,tomasetti^tomassetti
wienerschnitzel^wienerschnitzel,wienerschnitzel^wienerschnitzel
perpetrator's^perpetrators,perpetrator's^perpetrators
tamashiro^yamashiro,tamashiro^yamashiro
annuity(0)^continuity^ingenuity,annuity(0)
definitely^indefinitely,definitely
dispositions^predispositions,dispositions
information's^informations^information's^informations,information's^informations^information's^informations
insurance's^insurances,insurance's^insurances
denicola^dinicola,denicola^dinicola
palatable^unpalatable,palatable
critically(0)^politically(0)^uncritically(0),critically(0)
lubavitcher's^lubavitchers^lubavitcher's^lubavitchers,lubavitcher's^lubavitchers^lubavitcher's^lubavitchers
josefina(1)^josephina(1),josefina(1)^josephina(1)
kilometer(1)^millimeter,kilometer(1)^millimeter
aviano^ottaviano^saviano,aviano^saviano
dematteo^dimatteo,dematteo^dimatteo
devaluate^evaluate(0),devaluate^evaluate(0)
mcenaney^mcenany,mcenaney^mcenany
deregulate^reregulate,deregulate^reregulate
matrimony^patrimony,matrimony^patrimony
dalesandro^dalessandro,dalesandro^dalessandro
agonizing^antagonizing,agonizing
ventilated^ventilated,ventilated^ventilated
necessary^unnecessary,necessary
cautionary^precautionary,cautionary
presidencies^presidency's,presidencies^presidency's
republica^republika,republica^republika
facilities(1)^facility's,facilities(1)^facility's
resolution's^resolutions,resolution's^resolutions
atlantis'^atlantis'^atlantis's,atlantis'^atlantis'^atlantis's
archuleta^archuletta,archuleta^archuletta
decertify^recertify,decertify^recertify
teherani's^teheranis,teherani's^teheranis
underwriter's^underwriters^underwriters',underwriter's^underwriters^underwriters'
carolina^karolina,carolina^karolina
advantages(1)^disadvantages(0),advantages(1)
vladivostok^vladivostok,vladivostok^vladivostok
depositor's^depositors,depositor's^depositors
conceivable^inconceivable,conceivable
intefadeh(1)^intifada,intefadeh(1)^intifada
ariana^arianna,ariana^arianna
o'brenovich^obrenovich,o'brenovich^obrenovich
deficiency^efficiency^immunodeficiency^inefficiency,deficiency^efficiency
o'bradovich^obradovich,o'bradovich^obradovich
chiarelli^vecchiarelli,chiarelli
christiana^christianna,christiana^christianna
convertible^nonconvertible,convertible
balderrama^valderrama,balderrama^valderrama
hypothetically^pathetically(1)^sympathetically(1),pathetically(1)
excusable^inexcusable,excusable
deemphasizing^emphasizing^overemphasizing,emphasizing
precondition^recondition,precondition^recondition
economic(0)^macroeconomic(0)^microeconomic^noneconomic^socioeconomic^uneconomic,economic(0)
correctional^directional(0),correctional^directional(0)
paparazzi's^paparazzis,paparazzi's^paparazzis
charitably^veritably,charitably^veritably
preferences(0)^references(0),preferences(0)^references(0)
alleghenies(1)^allegheny's(1),alleghenies(1)^allegheny's(1)
available^unavailable,available
harmonia^philharmonia,harmonia
cydonia^idonia,cydonia^idonia
biotechnologies^biotechnology's^polytechnologies^technologies^technologies'^technology's,technologies^technologies'^technology's
johannesen^johannessen,johannesen^johannessen
o'callahan^ocallahan,o'callahan^ocallahan
avoidable^unavoidable,avoidable
caterpillar's^caterpiller's(1),caterpillar's^caterpiller's(1)
celebrities^celebrity's,celebrities^celebrity's
affirmation^reaffirmation,affirmation
illusionist's^illusionists(0),illusionist's^illusionists(0)
habitable^uninhabitable,habitable
continental(0)^intercontinental^pancontinental,continental(0)
donofrio^onofrio,donofrio^onofrio
believable^unbelievable,believable
daniello^giovanniello^ianniello^manganiello^romaniello^santaniello,daniello
introduces(0)^reintroduces,introduces(0)
ambassador's^ambassadors,ambassador's^ambassadors
kwiatkowski^piatkowski^swiatkowski,kwiatkowski^piatkowski^swiatkowski
gloriana^oriana,gloriana^oriana
feb^february(0),feb^february(0)
estimated(1)^overestimated^underestimated,estimated(1)
securities^securities'^security's,securities^securities'^security's
voracity^voracity,voracity^voracity
insupportable^supportable^unsupportable,supportable
pseudoscientific^scientific^unscientific,scientific
geranium^uranium,geranium^uranium
thomasine(0)^tomasine^tomasini,thomasine(0)^tomasine^tomasini
dedication^medication^rededication,dedication^medication
engebretsen^engebretson,engebretsen^engebretson
feodora^theodora,feodora^theodora
ecologist(0)^toxicologist,ecologist(0)
futility^utility,futility^utility
mcafferty^mccafferty,mcafferty^mccafferty
gaglione(1)^scaglione^tartaglione,gaglione(1)^scaglione
kaliszewski^maliszewski,kaliszewski^maliszewski
mcmanaman^mcmanamon,mcmanaman^mcmanamon
canadian's^canadians^canadians',canadian's^canadians^canadians'
analysis(0)^psychoanalysis(0),analysis(0)
activity(1)^hyperactivity^inactivity^interactivity(0)^interactivity(1)^retroactivity,activity(1)
utilicorp^utilicorp,utilicorp^utilicorp
obtainable^unobtainable,obtainable
economies(1)^economy's(1),economies(1)^economy's(1)
cocanino^coconino,cocanino^coconino
meriweather^meriwether^merriwether,meriweather^meriwether^merriwether
fruitopia^utopia,fruitopia^utopia
wanamaker^wannamaker,wanamaker^wannamaker
designation(0)^resignation(0),designation(0)^resignation(0)
)close-parentheses^)end-parentheses^(in-parentheses^(open-parentheses^(parentheses^parentheses,(parentheses^parentheses
shollenberger^sollenberger,shollenberger^sollenberger
neuropathy(0)^neuropathy(2),neuropathy(0)^neuropathy(2)
mythology^pathology,mythology^pathology
arbitragers^arbitragers',arbitragers^arbitragers'
nominally^phenomenally,nominally
bureaucracies^bureaucracy's,bureaucracies^bureaucracy's
permanente^permenante,permanente^permenante
corporation^incorporation^intercorporation^reincorporation,corporation
coalition's^coalitions,coalition's^coalitions
demaio(0)^dimaio,demaio(0)^dimaio
accurately^inaccurately,accurately
victoria's^victorias,victoria's^victorias
alcoholic^nonalcoholic,alcoholic
californian's^californians,californian's^californians
wittenmyer^wittenmyer,wittenmyer^wittenmyer
accouterments^accoutrements,accouterments^accoutrements
cardinale^cardinali,cardinale^cardinali
publication's^publications^publications',publication's^publications^publications'
authorizing^reauthorizing,authorizing
gregorian^pythagorean,gregorian
simulating^stimulating,simulating^stimulating
wy^wy,wy^wy
desperation(0)^respiration,desperation(0)^respiration
higgenbotham^higinbotham,higgenbotham^higinbotham
desirable(0)^undesirable,desirable(0)
emanuel^emmanuel,emanuel^emmanuel
genetically^phonetically,genetically^phonetically
spectacular^unspectacular,spectacular
education's^educations^education's^educations,education's^educations^education's^educations
disintegrated^integrated(1)^reintegrated,integrated(1)
conn.(1)^connecticut,conn.(1)^connecticut
fredericksen(0)^frederickson(0)^frederiksen,fredericksen(0)^frederickson(0)^frederiksen
degennaro^digennaro,degennaro^digennaro
hilariously^precariously^variously^vicariously,variously
allowances^disallowances,allowances
vasectomy^vasectomy,vasectomy^vasectomy
chronically(0)^electronically(0)^sardonically(0),chronically(0)
corp's^corp.'s^corp's^corp.'s,corp's^corp.'s^corp's^corp.'s
celerity^irregularity^popularity^regularity^similarity,celerity
anticipating^dissipating^participating,dissipating
unfortunates^unfortunates,unfortunates^unfortunates
amilia^rosamilia,amilia
degrazia^digrazia,degrazia^digrazia
laboratories^laboratories'^laboratory's,laboratories^laboratories'^laboratory's
certifying^recertifying,certifying
filibuster^fill-a-buster^fillibuster,filibuster^fill-a-buster^fillibuster
beligerent^belligerent,beligerent^belligerent
amendable^commendable,amendable^commendable
zepa^zepa^zepa,zepa^zepa^zepa
affiliates^affiliate's^affiliates,affiliates^affiliate's^affiliates
arbitrager^arbitrageur,arbitrager^arbitrageur
conservative^neoconservative^ultraconservative,conservative
xers^xers^xers,xers^xers^xers
blasingame^blassingame,blasingame^blassingame
articulate(1)^inarticulate,articulate(1)
detectable^undetectable,detectable
ecologists(0)^toxicologists(0),ecologists(0)
conventional^unconventional,conventional
simulated^stimulated(1),simulated^stimulated(1)
calamander^scalamandre(1),calamander^scalamandre(1)
formulated(1)^reformulated,formulated(1)
commodities^commodity's,commodities^commodity's
unsalable^unsaleable,unsalable^unsaleable
equality^inequality(0),equality
electorate's^electorates,electorate's^electorates
serafine^serafini^seraphine,serafine^serafini^seraphine
balentine^ballentine^galentine^gallentine,balentine^ballentine^galentine^gallentine
nonresidential(0)^presidential(1)^vice-presidential^vice-presidential,presidential(1)
herbarium(0)^herbarium(1),herbarium(0)^herbarium(1)
preparation^reparation^separation,preparation^reparation^separation
compatible^incompatible,compatible
visitation^visitation,visitation^visitation
binational^multinational(0),binational
manageable^unmanageable,manageable
scientific's^scientifics,scientific's^scientifics
corespondent^correspondent,corespondent^correspondent
ventilating^ventilating,ventilating^ventilating
exterminated^germinated^terminated(1),germinated^terminated(1)
acceptably(0)^unacceptably,acceptably(0)
deposition^redeposition,deposition
hockenberry^hockenbury,hockenberry^hockenbury
petruccelli^petrucelli,petruccelli^petrucelli
electronics^electronics'^microelectronics,electronics^electronics'
bernadino^bernardino(0),bernadino^bernardino(0)
sustainable^unsustainable,sustainable
mcconaghy^mcconaughy,mcconaghy^mcconaughy
artificially^beneficially^officially^unofficially,officially
masterbation^masturbation,masterbation^masturbation
competition's^competitions,competition's^competitions
prearranging^rearranging,prearranging^rearranging
perimeter^polarimeter,perimeter
governmental(1)^intergovernmental^nongovernmental,governmental(1)
desimone^disimone,desimone^disimone
preelection^reelection,preelection^reelection
definition^redefinition,definition
arbitrator's^arbitrators',arbitrator's^arbitrators'
development^redevelopment,development
hoshimoto^yoshimoto,hoshimoto^yoshimoto
agreeable^disagreeable,agreeable
o'donovan^odonovan,o'donovan^odonovan
affordable^unaffordable,affordable
gabriela^gabriella,gabriela^gabriella
choreographic^geographic^stereographic,geographic
diarrhea^diarrhoea,diarrhea^diarrhoea
fortunately(0)^unfortunately(0),fortunately(0)
delegation's^delegations,delegation's^delegations
ability^acceptability^adaptability^admissibility^affordability^amiability^applicability^availability(0)^capability^combinability(0)^combinability(1)^compatibility^comprehensibility^debility^deductibility^electability^feasibility^flexibility^inaccessibility^invisibility^irresponsibility^irritability^legibility^malleability^overwhelmability(0)^overwhelmability(1)^palatability^possibility^probability^rehability(0)^rehability(1)^reliability^responsibility^susceptibility^viability,ability^debility
efficiently^inefficiently,efficiently
academic^nonacademic,academic
activity(0)^radioactivity(0)^radioactivity(1)^reactivity,activity(0)
beligerence^belligerence,beligerence^belligerence
casselberry^castleberry,casselberry^castleberry
portfolio's^portfolios,portfolio's^portfolios
patriotic^unpatriotic,patriotic
fraternity(1)^maternity^paternity,fraternity(1)^maternity^paternity
calculated(1)^miscalculated^recalculated,calculated(1)
filomena^philomena,filomena^philomena
acropolis^necropolis,acropolis^necropolis
predecessor's^predecessors,predecessor's^predecessors
centralizing^decentralizing,centralizing
democratic^undemocratic,democratic
christenberry^christenbury,christenberry^christenbury
eisenhauer^eisenhower,eisenhauer^eisenhower
aspiration^exasperation,aspiration
deliverance(0)^self-deliverance,deliverance(0)
fortunately(1)^unfortunately(1),fortunately(1)
brutalizing^utilizing,brutalizing^utilizing
associate(3)^disassociate(0),associate(3)
enterprises^enterprises'^enterprises^enterprises'^enterprise's(3),enterprises^enterprises'^enterprises^enterprises'^enterprise's(3)
whistleblowers^whistleblowers,whistleblowers^whistleblowers
dominating^nominating^predominating,dominating^nominating
serafina^seraphina,serafina^seraphina
complemented^complimented,complemented^complimented
simulator^stimulator,simulator^stimulator
competitors^competitors'^competitors,competitors^competitors'^competitors
sarajevo's^sarejevo's,sarajevo's^sarejevo's
defiore^difiore(0),defiore^difiore(0)
banality^conditionality^constitutionality^criminality^functionality^nationality(1)^originality^personality^proportionality^rationality^seasonality(1),banality
emergency(0)^nonemergency,emergency(0)
decorating^redecorating,decorating
derflinger(0)^durflinger(0),derflinger(0)^durflinger(0)
slaughterhouses^waterhouse's,slaughterhouses^waterhouse's
considering^reconsidering,considering
janiszewski^staniszewski,janiszewski^staniszewski
accreditation^meditation^premeditation,meditation
aspirated^exasperated,aspirated
kalinoski^malinoski,kalinoski^malinoski
corporation's^corporations^corporations'^incorporation's^incorporations,corporation's^corporations^corporations'
defrancesco^difrancesco,defrancesco^difrancesco
acetylene^polyacetylene,acetylene
iberian^liberian^siberian,iberian^liberian^siberian
ariola^arriola,ariola^arriola
eisenhower's^eisenhowers,eisenhower's^eisenhowers
advertiser's^advertisers^advertisers',advertiser's^advertisers^advertisers'
constitution's^constitutions,constitution's^constitutions
enforceable^unenforceable,enforceable
benedictine's^benedictines,benedictine's^benedictines
biology's^electrobiology's,biology's
reliable(1)^unreliable^unreliable,reliable(1)
reconstructed^unreconstructed,reconstructed
criminalist's^criminalists(0),criminalist's^criminalists(0)
fabricated(1)^prefabricated,fabricated(1)
benefited^benefitted,benefited^benefitted
cadwalader^cadwallader,cadwalader^cadwallader
bilateral^trilateral,bilateral^trilateral
vicinity^vicinity,vicinity^vicinity
analytic^psychoanalytic,analytic
abnormality^formality^normality,formality^normality
kazarian^nazarian,kazarian^nazarian
capitalize^undercapitalize,capitalize
dormitory^reformatory,dormitory
continuance^discontinuance,continuance
sarajevo^sarejevo,sarajevo^sarejevo
degiacomo^digiacomo^prestigiacomo,degiacomo^digiacomo
angelino's^angelino's,angelino's^angelino's
anatoli^anatoly,anatoli^anatoly
simulators^stimulators,simulators^stimulators
mcalister^mcallister^mccalister^mccallister,mcalister^mcallister^mccalister^mccallister
mevarach's^mevarachs^nevarach's,mevarach's^mevarachs^nevarach's
elisabeth^elizabeth(1),elisabeth^elizabeth(1)
mitigated^unmitigated,mitigated
acclamation^acclimation,acclamation^acclimation
mobility(0)^nobility,mobility(0)^nobility
curiously^furiously,curiously^furiously
afroamerican^american(0)^interamerican,american(0)
continuing^discontinuing,continuing
aleria^valeria,aleria^valeria
questionable^unquestionable,questionable
competitive(0)^noncompetitive^uncompetitive,competitive(0)
assyria^cerveceria,assyria
validity^validity,validity^validity
communicate^excommunicate^miscommunicate,communicate
dispensable^indispensable,dispensable
adonia^madonia,adonia^madonia
yanomami^yanomami,yanomami^yanomami
operators^operators'^operators,operators^operators'^operators
gagliardo(0)^guagliardo,gagliardo(0)^guagliardo
clinically(0)^cynically(0),clinically(0)^cynically(0)
giovanetti^giovannetti,giovanetti^giovannetti
unrelated^unrelated,unrelated^unrelated
simulation^stimulation,simulation^stimulation
remarkable(0)^unremarkable,remarkable(0)
analysis(1)^psychoanalysis(1),analysis(1)
supervisor's^supervisors,supervisor's^supervisors
gratifying^ratifying,gratifying^ratifying
amarillo's^amarillos,amarillo's^amarillos
gerasimov(0)^gerasimov(1),gerasimov(0)^gerasimov(1)
annunzio(0)^denunzio,annunzio(0)^denunzio
linebarger(0)^winebarger,linebarger(0)^winebarger
kalinowski^malinowski,kalinowski^malinowski
promotional(0)^unemotional(1),promotional(0)
introducing(0)^reintroducing,introducing(0)
paralyzing^sterilizing,paralyzing^sterilizing
lamborghini's^lamborghinis,lamborghini's^lamborghinis
cylindrical(0)^semicylindrical(0)^semicylindrical(1)^semicylindrical(2),cylindrical(0)
angelinos^angelinos,angelinos^angelinos
accessibility^advisability^availability(1)^believability^comparability^credibility^culpability^deniability^dependability^desirability^disability(0)^durability^eligibility^enforceability^favorability^flammability^gullibility^inability^inevitability^instability^invincibility^invulnerability^liability^maneuverability(0)^maneuverability(1)^marketability^permeability^portability^predictability^profitability^readability^respectability^stability^suitability^survivability^sustainability^taxability^transferability^unavailability^unbreakability^unpredictability^unprofitability^unreliability^variability^visibility^vulnerability,stability
equivocal^unequivocal(0),equivocal
la-guardia^laguardia,la-guardia^laguardia
deficiencies^efficiencies^inefficiencies,deficiencies^efficiencies
associate's^associates'(0)^associate's^associates(2),associate's^associates'(0)^associate's^associates(2)
scenario^seminario,scenario
deemphasize^reemphasize,deemphasize^reemphasize
demaria^dimaria,demaria^dimaria
mujahedeen^mujahideen,mujahedeen^mujahideen
catalano^patalano,catalano^patalano
oshaughnessy^o'shaughnessy,oshaughnessy^o'shaughnessy
amalea^bramalea,amalea^bramalea
america's^americas^americas'^america's^americas^bankamerica's^coastamerica's^transamerica's^westamerica's,america's^americas^americas'^america's^americas
graziani^spaziani,graziani^spaziani
mediation^remediation,mediation
kobayashi^ohbayashi,kobayashi^ohbayashi
americorp(0)^americorps,americorp(0)^americorps
adelphia^arkadelphia^philadelphia,adelphia
marchesano^marckesano,marchesano^marckesano
arabia^sarabia,arabia^sarabia
mycology^psychology,mycology^psychology
cavaliere^cavalieri,cavaliere^cavalieri
denationalized^internationalized(0)^internationalized(1)^nationalized(0)^rationalized,nationalized(0)^rationalized
dietician^dietitian,dietician^dietitian
biomaterials^materials^materials',materials^materials'
biennial^triennial,biennial^triennial
comparably(0)^incomparably,comparably(0)
matriarchal^patriarchal,matriarchal^patriarchal
archaeologists(2)^cardiologists(2)^epidemiologists(2)^geologists(2)^ideologists(2)^microbiologists(1)^radiologists(2)^sociologists(2),geologists(2)
mcelhaney^mcelhany^mcelheney,mcelhaney^mcelhany^mcelheney
acquirer's^acquirers,acquirer's^acquirers
anticipated(1)^dissipated^participated(1)^unanticipated,dissipated
intervention(0)^nonintervention,intervention(0)
monopolies^panopolys,monopolies^panopolys
vacationers^vacationers',vacationers^vacationers'
internationally(0)^internationally(2)^irrationally(0)^nationally(0)^rationally(0),nationally(0)^rationally(0)
antonio's^antonios,antonio's^antonios
collosio^colosio,collosio^colosio
hamasaki^yamasaki,hamasaki^yamasaki
hagemeier^hagemeyer,hagemeier^hagemeyer
zoologists^zoologists,zoologists^zoologists
ecologists(2)^toxicologists(2),ecologists(2)
interference(0)^noninterference,interference(0)
;semi-colon^;semi-colon,;semi-colon^;semi-colon
deprogramming^reprogramming,deprogramming^reprogramming
unremitting^unremitting,unremitting^unremitting
laudenslager^loudenslager,laudenslager^loudenslager
comfortable^uncomfortable,comfortable
formalizing^normalizing,formalizing^normalizing
singletary^singleterry,singletary^singleterry
demobilized^immobilized,demobilized^immobilized
serviceable^unserviceable^unserviceable,serviceable
wienerschnitzel's^wienerschnitzel's,wienerschnitzel's^wienerschnitzel's
dedicating^medicating,dedicating^medicating
immovable^removable,immovable^removable
unabomber's^unabombers,unabomber's^unabombers
appropriates^misappropriates,appropriates
controllable^uncontrollable,controllable
anguiano^cangiano,anguiano^cangiano
discoveries^discovery's(0),discoveries^discovery's(0)
catolica^cattolica,catolica^cattolica
sandinistas^sandinistas',sandinistas^sandinistas'
topography^typography,topography^typography
afghanistan's^afghanistans,afghanistan's^afghanistans
cariello^fariello^pasquariello^picariello,cariello^fariello
unusually^unusually^unusually,unusually^unusually^unusually
dualistic^individualistic^ritualistic,dualistic
lillehamer's^lillehammer's,lillehamer's^lillehammer's
reasonable(0)^seasonable,reasonable(0)^seasonable
aramony(1)^ceremony,aramony(1)^ceremony
jaskowiak^mackowiak,jaskowiak^mackowiak
fantasizing(0)^romanticizing,fantasizing(0)
byelorussia(1)^byelorussia(2),byelorussia(1)
deferential(0)^preferential(0),deferential(0)^preferential(0)
demobilize^immobilize,demobilize^immobilize
predictably^unpredictably,predictably
participants^participants',participants^participants'
botanical^puritanical,botanical
wm^wm,wm^wm
wheelabrator^wheelabrator,wheelabrator^wheelabrator
calculation^recalculation,calculation
glorifying^horrifying,glorifying^horrifying
talarico^tallarico,talarico^tallarico
schiavone^schiavoni,schiavone^schiavoni
centurion^venturian,centurion^venturian
carolina's^carolinas,carolina's^carolinas
obermeier^obermeyer,obermeier^obermeyer
o'donoghue^odonoghue(0)^o'donoghue^o'donohue^odonohue,o'donoghue^odonoghue(0)^o'donoghue^o'donohue^odonohue
jacobean^maccabean,jacobean^maccabean
angelone^angeloni,angelone^angeloni
alexander's^alexanders^alexander's,alexander's^alexanders^alexander's
ditomasso^ditommaso,ditomasso^ditommaso
o'hanesian^ohanesian,o'hanesian^ohanesian
affiliate(0)^unaffiliate,affiliate(0)
alessandra^d'alessandra,alessandra^d'alessandra
imitations^limitations,imitations^limitations
manufactured^remanufactured(1),manufactured
coliseum^colosseum,coliseum^colosseum
iberia^liberia^siberia,iberia^liberia^siberia
acquisition's^acquisitions,acquisition's^acquisitions
wolfenbarger^wolfinbarger,wolfenbarger^wolfinbarger
ecology(0)^toxicology,ecology(0)
talerico^tallerico,talerico^tallerico
visitations^visitations,visitations^visitations
electronic^isoelectronic(0)^microelectronic,electronic
defensible^indefensible,defensible
colonial's^colonials,colonial's^colonials
forgivable(0)^unforgivable,forgivable(0)
application^misapplication,application
maradona's^maradonna's,maradona's^maradonna's
societies^society's,societies^society's
capacity(0)^incapacity^overcapacity,capacity(0)
distributors^distributors',distributors^distributors'
federation's^federations,federation's^federations
gaglione(0)^maglione,gaglione(0)^maglione
psychiatrist's^psychiatrists(0),psychiatrist's^psychiatrists(0)
indicated(1)^vindicated,indicated(1)^vindicated
ellenberger^kellenberger^schellenberger^shellenberger^snellenberger,ellenberger^kellenberger^schellenberger^shellenberger^snellenberger
oppenheimer's^oppenheimers,oppenheimer's^oppenheimers
enviable^unenviable,enviable
favorably(0)^unfavorably,favorably(0)
aberration^collaboration^elaboration,aberration
hymnology^limnology,hymnology^limnology
experiment's^experiments,experiment's^experiments
additionally(1)^traditionally(1),additionally(1)^traditionally(1)
mustachio^pistachio,mustachio^pistachio
aloisia^aloysia,aloisia^aloysia
attainable^unattainable,attainable
america(0)^sunamerica,america(0)
revolution's^revolutions,revolution's^revolutions
wagnerian^wagnerian,wagnerian^wagnerian
ventilation^ventilation,ventilation^ventilation
humanity(0)^humanity(1),humanity(0)^humanity(1)
nonprofessional^professional^unprofessional,professional
fredericka^frederika,fredericka^frederika
ayatollah^ayatollah's,ayatollah^ayatollah's
aggrandizing(1)^self-aggrandizing,aggrandizing(1)
denatale^dinatale(0),denatale^dinatale(0)
politician's^politicians^politicians',politician's^politicians^politicians'
huffstetler(0)^hufstetler(0),huffstetler(0)^hufstetler(0)
ileana^liliana^lilliana,ileana^liliana^lilliana
oceanic^transoceanic,oceanic
conveniences^inconveniences,conveniences
pavarotti^pavarotti's,pavarotti^pavarotti's
filipino^philippino,filipino^philippino
proprietor's^proprietors,proprietor's^proprietors
fluidity^superfluidity,fluidity
kiplinger(0)^ripplinger(0),kiplinger(0)^ripplinger(0)
mcmenamin^mcmennamin,mcmenamin^mcmennamin
ceridian^meridian^meridien,ceridian^meridian^meridien
confidentiality(0)^confidentiality(1)^congeniality^extraterritoriality^geniality^partiality^reality^triviality^unreality,reality
christiano^cristiano,christiano^cristiano
delectable^electable^unelectable,delectable^electable
incorporate^reincorporate,incorporate
experienced^inexperienced,experienced
macarena^mascarena(1),macarena^mascarena(1)
dunkelberger^dunkleberger,dunkelberger^dunkleberger
republicans^republicans'^republican's^republicans^republicans'^republicans,republicans^republicans'^republican's^republicans^republicans'^republicans
annually^manually,annually^manually
arapaho^arapahoe,arapaho^arapahoe
automatically(0)^diplomatically^dramatically(0)^mathematically(1)^systematically^thematically^undiplomatically,dramatically(0)^thematically
davidian's^davidians,davidian's^davidians
mcgonagle^mcgonigal^mcgonigle,mcgonagle^mcgonigal^mcgonigle
bolivia(1)^olivia,bolivia(1)^olivia
acceptable(0)^unacceptable,acceptable(0)
entrepreneur's^entrepreneurs,entrepreneur's^entrepreneurs
eslinger(0)^esslinger(0),eslinger(0)^esslinger(0)
violeta^violeta,violeta^violeta
chronology^dendrochronology^endocrinology^phonology,chronology^phonology
agility^fragility,agility^fragility
automatic(0)^semiautomatic(0)^semiautomatic(1)^semiautomatic(2),automatic(0)
configuration^figuration^reconfiguration,figuration
decoration^redecoration,decoration
mcenerney^mcinerney,mcenerney^mcinerney
additional(0)^nontraditional^traditional^untraditional,additional(0)^traditional
degenerating^generating^regenerating^venerating,generating^venerating
barbarino^garbarino,barbarino^garbarino
niedermeier^niedermeyer,niedermeier^niedermeyer
asiatic^austroasiatic,asiatic
hostetler^hostettler(0),hostetler^hostettler(0)
antigone's^antigones,antigone's^antigones
dusenberry^dusenbury,dusenberry^dusenbury
cogenerated^degenerated^generated(1)^regenerated^venerated,generated(1)^venerated
successfully^unsuccessfully,successfully
o'doherty^odoherty^o'doherty^odoherty,o'doherty^odoherty^o'doherty^odoherty
macfadyen^mcfadyen,macfadyen^mcfadyen
abbruzzese^abruzzese,abbruzzese^abruzzese
executive's^executives',executive's^executives'
admissible^inadmissible(0),admissible
charitable(1)^heritable^inheritable,charitable(1)^heritable
awakening^reawakening,awakening
infomercial's^infomercials,infomercial's^infomercials
caterpillar(1)^caterpiller(1),caterpillar(1)^caterpiller(1)
designation(1)^resignation(1),designation(1)^resignation(1)
formalizes^normalizes,formalizes^normalizes
impeachable^unimpeachable,impeachable
unnaturally^unnaturally^unnaturally^unnaturally,unnaturally^unnaturally^unnaturally^unnaturally
christoffersen(0)^christophersen,christoffersen(0)^christophersen
slavonia(0)^slovonia(0),slavonia(0)^slovonia(0)
establishing(0)^reestablishing,establishing(0)
federica^frederica,federica^frederica
nicoline^nicolini,nicoline^nicolini
o'hallaron^o'halloran^ohalloran^o'halloron,o'hallaron^o'halloran^ohalloran^o'halloron
bahrainian(0)^mediterranean^pomeranian^subterranean,bahrainian(0)
refineries^refinery's,refineries^refinery's
evilsizer^evilsizor,evilsizer^evilsizor
bojanowski^trojanowski,bojanowski^trojanowski
communities(1)^community's,communities(1)^community's
economies(0)^economy's(0),economies(0)^economy's(0)
salinas's^selinas's,salinas's^selinas's
caravella^taravella,caravella^taravella
kaniewski(0)^okoniewski(0),kaniewski(0)
leatherberry^leatherbury,leatherberry^leatherbury
ascendancy^ascendency,ascendancy^ascendency
dippolito^ippolito,dippolito^ippolito
kolakowski^polakowski,kolakowski^polakowski
o'hanian^ohanian,o'hanian^ohanian
complementing^complimenting,complementing^complimenting
predictable(0)^unpredictable,predictable(0)
cumulative^noncumulative,cumulative
giuliano^iuliano(0)^iuliano(1)^juliano^uliano,giuliano^iuliano(1)^juliano^uliano
curiouser^furiouser,curiouser^furiouser
cooperated(0)^cooperated(1)^operated,cooperated(1)^operated
american(1)^transamerican^unamerican,american(1)
preparations^reparations^separations,preparations^reparations^separations
dilatation^facilitation^rehabilitation(0)^rehabilitation(1),dilatation
commentator's^commentators,commentator's^commentators
whistleblower^whistleblower,whistleblower^whistleblower
contaminate^decontaminate,contaminate
destination(0)^predestination,destination(0)
rockefeller's^rockefellers,rockefeller's^rockefellers
herbariums(0)^herbariums(1),herbariums(0)^herbariums(1)
lillehamer^lillehammer,lillehamer^lillehammer
deblasio^diblasio,deblasio^diblasio
ukrainian's^ukrainians,ukrainian's^ukrainians
foreseeable^forseeable(0)^unforeseeable,foreseeable^forseeable(0)
whatsoever^whatsoever,whatsoever^whatsoever
orthodontist's^orthodontists(0),orthodontist's^orthodontists(0)
astorino^pastorino,astorino^pastorino
occupations^preoccupations,occupations
appalachians(1)^appellations,appalachians(1)^appellations
nakamoto^sakamoto,nakamoto^sakamoto
conformity^nonconformity,conformity
aliquippa's^aliquippas,aliquippa's^aliquippas
mass.(1)^massachusetts^massachusetts'^massachussetts,mass.(1)^massachusetts^massachusetts'^massachussetts
chrismer(0)^grismer(0),chrismer(0)^grismer(0)
colombia^columbia,colombia^columbia
amendola^lamendola,amendola^lamendola
coloration^discoloration,coloration
maturation(0)^saturation,maturation(0)^saturation
disputable^indisputable,disputable
abilities^capabilities^disabilities(0)^liabilities(0)^possibilities^probabilities^responsibilities,abilities
ventilator^ventilator,ventilator^ventilator
mcclanahan^mclanahan,mcclanahan^mclanahan
srivastava(0)^srivastava(1),srivastava(0)^srivastava(1)
kenealy^perennially,kenealy
deflationary^disinflationary^inflationary^noninflationary^probationary^stationary^stationery,stationary^stationery
eichenberger^reichenberger,eichenberger^reichenberger
benefactor's^benefactors,benefactor's^benefactors
alexander(1)^mcalexander,alexander(1)
activated(1)^deactivated^inactivated,activated(1)
mcmenamy^mcmenemy,mcmenamy^mcmenemy
allocated^misallocated^reallocated^unallocated,allocated
journalism^paternalism,journalism
exploration's^explorations^exploration's^explorations,exploration's^explorations^exploration's^explorations
quarterbacking(0)^quarterbacking(1),quarterbacking(0)^quarterbacking(1)
telestrator^telustrator(0),telestrator^telustrator(0)
deconstruction^reconstruction,deconstruction^reconstruction
stachowiak^wachowiak,stachowiak^wachowiak
dorelia^orelia,dorelia^orelia
organizes^reorganizes,organizes
miramontes^viramontes,miramontes^viramontes
quartermaster(0)^quartermaster(1),quartermaster(0)^quartermaster(1)
analyzing^reanalysing^tantalizing(1),analyzing^tantalizing(1)
consistency^inconsistency,consistency
unshakable^unshakeable,unshakable^unshakeable
marcelino^marcellino,marcelino^marcellino
colombia's^columbia's,colombia's^columbia's
herbivorous(0)^herbivorous(1),herbivorous(0)^herbivorous(1)
antonio^dantonio,antonio^dantonio
nakashima^takashima,nakashima^takashima
conditionally(1)^unconditionally(1),conditionally(1)
subcommittee's^subcommittees,subcommittee's^subcommittees
misrepresented(0)^represented(1)^underrepresented^unrepresented,represented(1)
correspondents^correspondents',correspondents^correspondents'
imposition^reimposition,imposition
vaapenfabrikk^vaapenfabrikk,vaapenfabrikk^vaapenfabrikk
democratic's^democratics,democratic's^democratics
commissioning^decommissioning,commissioning
uruguayan^uruguayan,uruguayan^uruguayan
estimating^overestimating,estimating
economics(1)^macroeconomics(1),economics(1)
aleksander(0)^aleksandr(0)^alexander(0),aleksander(0)^aleksandr(0)^alexander(0)
coordination^insubordination^ordination^subordination,ordination
demario^dimario,demario^dimario
deregulators^regulator's^regulators^regulators',regulator's^regulators^regulators'
argentina's^argentinas,argentina's^argentinas
casciano^fasciano,casciano^fasciano
weisenburger^weisenburger,weisenburger^weisenburger
accompanied^unaccompanied,accompanied
bucciarelli^pucciarelli,bucciarelli^pucciarelli
cupidity^stupidity,cupidity^stupidity
generation's^generations,generation's^generations
